{
  "open-unlearning/saves/unlearn/tofu_Llama-3.2-1B-Instruct_forget01_GradAscent/evals/TOFU_SUMMARY.json": {
    "extraction_strength": 0.035729959904470324,
    "forget_Q_A_Prob": 0.0008035507233373096,
    "forget_Q_A_ROUGE": 0.20663020670134974,
    "forget_quality": 0.16497269950224194,
    "model_utility": 0.275398450134444,
    "privleak": 76.38724910009212
  },
  "open-unlearning/saves/unlearn/tofu_Llama-3.2-1B-Instruct_forget01_GradDiff/evals/TOFU_SUMMARY.json": {
    "extraction_strength": 0.04096233169934212,
    "forget_Q_A_Prob": 0.003471133525430048,
    "forget_Q_A_ROUGE": 0.23513349638318043,
    "forget_quality": 0.7659314523482239,
    "model_utility": 0.419234712157628,
    "privleak": 73.90791025758527
  },
  "open-unlearning/saves/unlearn/tofu_Llama-3.2-1B-Instruct_forget01_DPO/evals/TOFU_SUMMARY.json": {
    "extraction_strength": 0.15202696696983922,
    "forget_Q_A_Prob": 0.47757083624601365,
    "forget_Q_A_ROUGE": 0.0429916890993127,
    "forget_quality": 0.01430154804770646,
    "model_utility": 0.5074878769441188,
    "privleak": -88.42975204941114
  },
  "open-unlearning/saves/unlearn/tofu_Llama-3.2-1B-Instruct_forget01_RMU/evals/TOFU_SUMMARY.json": {
    "extraction_strength": 0.02905940823391865,
    "forget_Q_A_Prob": 0.007109901503463334,
    "forget_Q_A_ROUGE": 0.16469748834601966,
    "forget_quality": 0.09707484379785862,
    "model_utility": 0.5461341199852593,
    "privleak": 85.7142856980941
  }
}