{
    "open-unlearning/saves/unlearn/tofu_Llama-3.2-1B-Instruct_forget01_GradAscent/evals/TOFU_SUMMARY.json": {
      "extraction_strength": 0.02905940823391865,
      "forget_Q_A_Prob": 4.856805043643259e-26,
      "forget_Q_A_ROUGE": 0.0,
      "forget_quality": 1.860340365603627e-23,
      "model_utility": 0.0,
      "privleak": -21.487603301726093
    },
    "open-unlearning/saves/unlearn/tofu_Llama-3.2-1B-Instruct_forget01_GradDiff/evals/TOFU_SUMMARY.json": {
      "extraction_strength": 0.04096233169934212,
      "forget_Q_A_Prob": 0.003471133525430048,
      "forget_Q_A_ROUGE": 0.23513349638318043,
      "forget_quality": 0.7659314523482239,
      "model_utility": 0.419234712157628,
      "privleak": 73.90791025758527
    },
    "open-unlearning/saves/unlearn/tofu_Llama-3.2-1B-Instruct_forget01_NPO/evals/TOFU_SUMMARY.json": {
      "extraction_strength": 0.06783979882542848,
      "forget_Q_A_Prob": 0.07718963976949453,
      "forget_Q_A_ROUGE": 0.3086527443839445,
      "forget_quality": 0.7659314523482239,
      "model_utility": 0.5501669374143139,
      "privleak": 46.75324674441496
    },
    "open-unlearning/saves/unlearn/tofu_Llama-3.2-1B-Instruct_forget01_RMU/evals/TOFU_SUMMARY.json": {
      "extraction_strength": 0.02905940823391865,
      "forget_Q_A_Prob": 0.0006337762429524218,
      "forget_Q_A_ROUGE": 0.0954281744583703,
      "forget_quality": 0.02860307028023343,
      "model_utility": 0.5676150497409117,
      "privleak": 88.7839433126264
    }
  }